customer_id,orders_12m,revenue_12m,avg_order_value,avg_discount_pct,pct_online,aug_jan_share,weeks_since_last_order,business_type,region,tenure_months,pilot,churned
C0001,19,2512.39,185.84,0.08,0.289,0.105,0.9,retail,South Central,39.8,,0
C0002,12,876.49,129.18,0.051,0.857,0.238,21.9,retail,Northeast,68.9,0.0,1
C0003,13,3036.18,298.54,0.062,0.286,0.464,0.4,nonprofit,Northeast,72.4,,0
C0004,7,404.83,133.27,0.058,0.458,0.125,7.3,office,Northeast,81.4,,0
C0005,35,18183.14,458.78,0.065,0.261,0.207,5.4,restaurant,Southwest,70.7,,1
C0006,8,722.52,64.94,0.045,1.0,0.304,0.7,office,Northeast,55.5,0.0,1
C0007,14,1397.17,74.95,0.043,0.949,0.205,6.3,office,South Central,47.7,0.0,1
C0009,12,39289.08,3089.35,0.075,0.36,0.36,5.3,school,South Central,37.2,,0
C0010,11,646.41,64.16,0.043,1.0,0.13,5.9,office,Northeast,45.5,0.0,0
C0011,14,1314.3,109.23,0.046,0.882,0.059,4.3,clinic,North Central,61.6,1.0,0
C0012,8,13944.88,1511.64,0.063,0.261,0.391,15.6,school,South Central,35.4,,1
C0013,7,911.34,134.58,0.051,0.333,0.095,13.3,retail,South Central,51.2,,1
C0014,8,862.49,91.31,0.035,0.875,0.375,2.4,office,South Central,70.4,0.0,0
C0015,10,1250.87,97.81,0.043,0.933,0.067,10.9,office,Northeast,43.2,0.0,1
C0016,5,492.98,113.21,0.055,0.885,0.077,15.6,retail,South Central,79.9,1.0,1
C0017,10,22393.97,4499.98,0.056,0.111,0.333,5.4,school,Southwest,50.6,,0
C0018,23,9076.02,370.78,0.068,0.423,0.135,0.9,retail,North Central,74.4,,0
C0019,18,770.29,48.12,0.042,0.95,0.225,4.4,office,Southeast,68.4,0.0,0
C0020,10,1539.8,148.93,0.082,0.333,0.111,21.6,retail,South Central,20.2,,1
C0021,18,1278.0,72.01,0.033,0.943,0.143,3.4,office,South Central,77.6,0.0,0
C0022,29,18828.47,582.06,0.066,0.355,0.145,2.6,restaurant,South Central,80.8,,1
C0023,24,4420.52,160.78,0.056,0.356,0.044,0.9,office,South Central,59.7,,0
C0024,13,2087.67,119.3,0.042,0.962,0.038,8.3,clinic,South Central,56.8,0.0,1
C0025,5,7870.45,1228.85,0.063,0.3,0.3,20.7,school,Northwest,76.6,,0
C0026,10,1742.38,220.02,0.074,0.37,0.296,0.9,office,Southwest,86.4,,0
C0027,1,686.88,686.88,0.157,0.0,0.0,6.6,office,South Central,3.4,,0
C0028,17,8201.11,331.72,0.062,0.282,0.103,7.6,retail,Northeast,73.6,,0
C0029,12,967.86,82.28,0.043,0.9,0.267,0.3,restaurant,South Central,52.4,0.0,0
C0030,13,2311.95,147.15,0.056,0.367,0.367,1.4,school,South Central,87.6,,0
C0031,10,691.98,94.97,0.039,0.963,0.222,0.3,restaurant,South Central,80.7,1.0,0
C0032,11,35096.28,2358.31,0.079,0.091,0.273,7.3,school,Northeast,81.8,,1
C0033,15,819.57,68.52,0.046,1.0,0.229,4.9,restaurant,South Central,86.0,0.0,0
C0034,9,2687.92,349.46,0.065,0.423,0.231,19.7,office,South Central,37.2,,1
C0035,13,2230.5,181.85,0.078,0.414,0.103,0.6,office,Northeast,89.8,,0
C0036,35,12842.75,419.41,0.056,0.458,0.229,1.9,restaurant,South Central,81.6,,0
C0037,31,19974.2,630.89,0.064,0.317,0.257,1.4,restaurant,Northeast,39.6,,0
C0038,49,23578.05,499.29,0.063,0.333,0.167,1.3,retail,South Central,64.7,,0
C0039,2,87.47,77.18,0.053,1.0,0.294,9.4,clinic,South Central,38.2,1.0,1
C0040,11,1265.6,147.54,0.053,0.36,0.12,6.4,clinic,Southeast,40.9,,0
C0041,26,7107.46,492.63,0.061,0.361,0.194,8.6,restaurant,Southwest,65.7,,0
C0043,18,5973.42,299.14,0.081,0.25,0.438,5.4,school,Northeast,73.1,,1
C0044,8,19663.34,3891.68,0.082,0.188,0.25,12.9,school,Southwest,40.1,,1
C0045,6,1312.36,247.93,0.073,0.409,0.136,0.7,office,Northeast,58.4,,0
C0046,9,24663.42,2423.25,0.073,0.333,0.19,9.3,school,Northeast,38.8,,0
C0047,22,10837.9,485.37,0.063,0.432,0.099,21.9,restaurant,Southwest,58.0,,1
C0048,30,9345.33,492.51,0.074,0.254,0.127,1.3,restaurant,South Central,35.5,,0
C0049,18,2561.36,147.72,0.057,0.576,0.182,0.9,clinic,Northeast,47.3,,0
C0051,6,15263.44,2241.96,0.052,0.471,0.235,4.7,school,Northeast,53.8,,0
C0052,5,14031.31,2794.15,0.053,0.077,0.308,18.7,school,Northeast,81.4,,0
C0053,3,425.61,141.87,0.036,1.0,0.0,4.7,clinic,Northeast,5.2,0.0,0
C0054,21,8501.85,501.44,0.061,0.308,0.173,0.3,restaurant,Northeast,25.8,,0
C0055,6,296.46,171.84,0.069,0.474,0.211,29.4,clinic,Southwest,81.1,,1
C0056,37,15287.4,428.77,0.067,0.38,0.152,0.6,retail,Northeast,74.0,,0
C0057,12,632.62,70.31,0.048,0.87,0.261,19.7,retail,South Central,49.3,1.0,1
C0058,16,1654.21,121.47,0.056,0.438,0.156,3.3,restaurant,Northeast,76.2,,0
C0059,4,3496.05,1767.32,0.082,0.231,0.231,4.3,school,Northeast,58.7,,0
C0060,28,13985.52,494.33,0.068,0.288,0.169,1.3,restaurant,South Central,38.8,,0
C0061,11,857.52,77.96,0.041,1.0,0.0,2.9,office,South Central,13.6,0.0,0
C0062,13,3272.63,263.5,0.054,0.452,0.161,7.7,clinic,South Central,60.3,,0
C0063,7,314.79,80.23,0.036,1.0,0.059,0.6,clinic,South Central,60.1,0.0,0
C0064,23,7023.43,405.05,0.074,0.317,0.083,1.9,restaurant,South Central,73.3,,0
C0065,18,10005.86,494.97,0.076,0.265,0.181,20.3,restaurant,South Central,35.0,,1
C0066,8,665.72,64.88,0.045,1.0,0.36,15.6,nonprofit,Southeast,37.1,0.0,1
C0067,16,1766.86,110.43,0.04,1.0,0.312,1.7,restaurant,Northwest,7.5,1.0,0
C0068,3,545.14,111.85,0.061,0.818,0.182,19.4,office,Northeast,35.3,0.0,1
C0069,12,937.36,77.32,0.045,0.964,0.071,20.6,retail,North Central,68.5,1.0,1
C0070,30,11926.54,451.3,0.066,0.277,0.123,0.6,retail,Northeast,40.5,,0
C0071,24,16034.07,440.73,0.06,0.369,0.185,1.9,restaurant,Northeast,58.0,,0
C0072,17,1717.04,84.73,0.054,1.0,0.206,3.4,retail,North Central,72.4,1.0,0
C0073,7,14914.24,2867.33,0.095,0.353,0.471,5.3,school,South Central,88.1,,0
C0075,7,1232.4,176.06,0.101,0.286,0.0,6.7,clinic,Northeast,9.6,,0
C0076,9,1660.33,190.55,0.047,0.379,0.103,9.6,restaurant,Northeast,71.7,,0
C0077,9,650.71,115.65,0.041,1.0,0.2,2.4,clinic,Northeast,41.0,1.0,0
C0078,6,8643.79,1902.0,0.101,0.188,0.438,13.6,nonprofit,South Central,36.6,,0
C0079,9,1391.45,102.57,0.053,0.885,0.192,7.4,office,Northeast,40.8,0.0,0
C0080,27,8271.6,313.88,0.073,0.333,0.197,0.3,restaurant,South Central,41.2,,0
C0081,30,11271.58,414.88,0.058,0.296,0.211,2.7,restaurant,South Central,51.6,,0
C0082,35,10711.01,298.83,0.059,0.282,0.154,2.4,restaurant,South Central,39.5,,0
C0083,25,7745.54,369.42,0.061,0.476,0.214,0.3,restaurant,South Central,22.6,,0
C0084,14,1623.92,142.3,0.062,0.31,0.276,2.4,office,Northeast,51.9,,0
C0085,19,1217.52,92.78,0.047,0.955,0.227,2.7,nonprofit,Southeast,22.9,1.0,0
C0086,1,42.85,42.85,0.079,1.0,1.0,19.4,school,Northeast,7.1,,1
C0087,10,1638.9,266.32,0.07,0.348,0.217,0.3,office,North Central,81.0,,0
C0088,35,23338.72,609.5,0.067,0.338,0.296,4.9,restaurant,Northeast,83.4,,0
C0089,30,19576.05,474.41,0.069,0.235,0.111,0.3,restaurant,South Central,45.7,,0
C0090,9,14009.25,1626.42,0.07,0.318,0.136,13.4,nonprofit,North Central,35.5,,0
C0091,13,6164.91,474.22,0.061,0.462,0.154,9.3,restaurant,South Central,12.7,,1
C0092,6,228.5,39.93,0.058,1.0,0.24,19.3,retail,South Central,53.8,0.0,1
C0093,5,274.74,144.09,0.062,0.529,0.176,5.3,restaurant,South Central,86.1,,0
C0094,13,5338.15,304.23,0.066,0.265,0.088,4.4,clinic,South Central,64.6,,0
C0095,8,503.92,99.04,0.05,0.846,0.192,22.4,office,South Central,61.1,0.0,1
C0096,11,642.49,62.8,0.041,1.0,0.087,1.6,restaurant,Northeast,88.6,0.0,0
C0097,15,4850.01,418.54,0.076,0.448,0.138,3.7,retail,Northeast,16.9,,0
C0098,6,1153.93,210.01,0.065,0.409,0.182,17.4,restaurant,Northeast,30.6,,1
C0099,37,21290.5,515.55,0.075,0.247,0.136,2.3,restaurant,Northeast,74.2,,0
C0100,14,35241.58,2260.0,0.06,0.235,0.353,4.4,school,Northeast,75.5,,0
C0101,9,1976.28,363.33,0.08,0.281,0.219,17.4,retail,Northeast,89.4,,1
C0102,15,1863.92,179.99,0.074,0.233,0.233,1.4,retail,Northwest,54.4,,0
C0103,17,3118.66,179.07,0.081,0.419,0.129,1.4,office,Southwest,62.7,,0
C0104,16,834.55,55.22,0.041,0.909,0.212,5.3,office,Northeast,89.1,0.0,0
C0105,2,4784.86,2067.4,0.047,0.267,0.467,17.3,school,South Central,39.5,,0
C0106,13,27892.6,2256.72,0.089,0.143,0.333,13.9,school,Northwest,49.8,,0
C0107,29,9397.87,389.33,0.06,0.271,0.22,0.9,restaurant,South Central,50.5,,0
C0108,22,1659.98,71.4,0.046,0.938,0.156,3.3,retail,South Central,60.9,0.0,1
C0109,19,4435.01,199.93,0.06,0.351,0.243,4.6,office,Northeast,44.7,,0
C0110,21,6598.49,345.87,0.071,0.462,0.192,2.9,restaurant,Northeast,68.0,,0
C0112,10,1439.59,143.96,0.08,0.2,0.1,2.6,retail,Northeast,7.1,,1
C0113,9,2078.38,218.67,0.071,0.348,0.304,19.3,office,Northeast,43.3,,1
C0114,15,2158.71,197.34,0.065,0.286,0.327,3.7,nonprofit,South Central,35.6,,0
C0115,11,1328.68,103.39,0.037,0.958,0.25,15.4,clinic,Northeast,46.9,1.0,1
C0116,15,1834.84,139.99,0.054,0.4,0.067,3.4,office,Northwest,26.4,,0
C0117,8,1265.29,131.89,0.048,0.458,0.25,13.6,retail,South Central,69.5,,1
C0118,16,1423.13,178.35,0.074,0.5,0.028,0.4,retail,South Central,55.9,,0
C0119,26,5116.08,213.78,0.06,0.326,0.279,3.9,retail,South Central,32.4,,1
C0120,7,545.47,115.23,0.031,0.938,0.188,13.7,office,Northeast,68.0,0.0,1
C0121,15,3486.43,301.91,0.073,0.361,0.333,5.7,school,Northeast,50.6,,0
C0122,67,37979.35,515.85,0.068,0.319,0.167,1.4,restaurant,Northeast,57.2,,0
C0123,11,650.83,42.02,0.037,1.0,0.15,4.4,retail,South Central,63.5,1.0,0
C0124,8,1339.48,178.93,0.063,0.35,0.25,5.7,office,Northeast,28.7,,0
C0125,6,558.24,99.8,0.041,0.955,0.136,14.3,restaurant,South Central,57.7,0.0,0
C0126,14,2387.8,222.94,0.061,0.382,0.088,0.4,retail,South Central,39.7,,0
C0127,12,556.99,56.84,0.047,0.955,0.182,4.7,office,Northeast,55.8,1.0,0
C0128,12,619.34,51.55,0.049,1.0,0.036,1.3,clinic,Northeast,53.5,0.0,0
C0130,19,14132.19,704.36,0.072,0.184,0.122,2.7,restaurant,Northeast,59.0,,0
C0132,25,14046.35,516.44,0.067,0.338,0.197,0.9,restaurant,South Central,55.4,,0
C0133,3,382.64,84.68,0.041,1.0,0.308,20.4,office,South Central,69.5,0.0,1
C0134,31,10301.96,504.82,0.072,0.346,0.167,0.3,restaurant,South Central,42.8,,0
C0135,7,1912.97,151.21,0.037,0.842,0.158,13.7,office,South Central,63.2,0.0,1
C0136,16,2540.73,142.15,0.063,0.403,0.403,5.4,nonprofit,Northeast,83.9,,1
C0137,19,4571.05,216.06,0.073,0.364,0.136,3.3,clinic,North Central,16.2,,0
C0138,28,13874.77,480.9,0.081,0.288,0.273,1.4,restaurant,North Central,85.1,,0
C0139,16,3169.68,267.98,0.068,0.211,0.421,8.3,school,South Central,60.9,,1
C0140,10,21704.2,2556.45,0.095,0.421,0.263,0.3,school,Northwest,85.7,,0
C0141,11,20749.81,2205.69,0.054,0.207,0.517,8.4,nonprofit,Northeast,73.8,,0
C0142,37,11671.7,383.75,0.082,0.224,0.179,2.4,retail,Northeast,88.9,,0
C0143,10,1269.63,96.06,0.051,0.895,0.211,2.3,office,Northeast,25.0,0.0,0
C0144,10,1173.03,109.62,0.052,0.929,0.214,4.9,office,Southwest,38.5,1.0,0
C0145,43,20162.24,385.06,0.069,0.462,0.16,1.7,restaurant,South Central,65.0,,0
C0146,8,2052.78,390.69,0.06,0.368,0.316,4.4,retail,South Central,88.5,,1
C0147,13,3115.21,185.51,0.056,0.412,0.176,3.3,office,Northwest,38.4,,0
C0148,10,620.67,59.63,0.055,0.944,0.167,11.3,office,Southwest,26.3,1.0,0
C0149,8,20745.3,2382.23,0.051,0.231,0.385,20.6,nonprofit,Northeast,82.2,,0
C0150,5,1425.86,149.59,0.05,0.941,0.235,18.3,clinic,South Central,68.4,0.0,1
C0151,10,3527.51,332.84,0.076,0.281,0.062,0.6,clinic,South Central,57.1,,0
C0152,14,2330.16,200.52,0.078,0.276,0.276,6.6,nonprofit,South Central,77.4,,0
C0153,11,1210.3,128.49,0.055,0.393,0.214,5.9,office,Northwest,87.8,,0
C0154,24,14910.61,486.82,0.061,0.294,0.157,4.7,restaurant,Northeast,67.7,,0
C0155,9,24416.59,2403.84,0.057,0.188,0.375,3.7,school,Northeast,37.6,,0
C0156,41,20045.12,378.32,0.077,0.33,0.154,1.7,restaurant,South Central,30.1,,0
C0157,14,4867.25,292.28,0.076,0.326,0.261,15.6,clinic,South Central,74.5,,1
C0158,7,10217.99,2802.27,0.083,0.286,0.476,9.4,school,South Central,78.3,,1
C0159,46,23943.11,421.7,0.061,0.344,0.111,0.4,retail,South Central,32.1,,0
C0160,23,6804.06,397.87,0.063,0.41,0.231,19.6,restaurant,North Central,33.2,,1
C0161,51,22862.49,556.28,0.073,0.348,0.174,2.3,restaurant,North Central,40.2,,0
C0162,31,16925.07,470.11,0.058,0.299,0.196,2.3,restaurant,South Central,72.6,,0
C0163,18,1208.89,71.69,0.044,0.938,0.094,4.6,office,South Central,54.1,1.0,0
C0164,31,32778.59,700.52,0.065,0.394,0.227,1.6,restaurant,South Central,59.8,,0
C0165,25,15209.43,499.34,0.064,0.339,0.242,0.7,restaurant,Northeast,41.7,,0
C0166,4,6133.61,1940.15,0.077,0.304,0.261,8.7,school,Northeast,50.9,,0
C0167,16,1913.47,129.57,0.056,0.48,0.08,0.6,office,Northeast,25.0,,0
C0168,11,2676.66,404.01,0.063,0.423,0.077,0.3,retail,Northeast,42.0,,0
C0169,4,178.19,68.0,0.038,1.0,0.222,19.6,retail,Northeast,67.2,0.0,1
C0170,37,22397.22,533.51,0.071,0.436,0.191,1.4,restaurant,Northeast,63.1,,0
C0171,16,2056.01,193.35,0.078,0.447,0.342,0.7,clinic,North Central,54.4,,0
C0172,12,713.52,72.48,0.044,0.968,0.097,3.3,retail,Northeast,72.1,1.0,0
C0173,23,1539.57,64.67,0.048,0.933,0.2,1.7,office,Northeast,59.4,1.0,0
C0174,4,358.06,174.5,0.077,0.286,0.143,7.6,office,Northwest,17.1,,0
C0175,20,7477.7,373.88,0.068,0.2,0.15,0.3,restaurant,Southwest,11.8,,0
C0176,10,1899.54,291.11,0.072,0.37,0.074,5.4,clinic,South Central,73.4,,0
C0177,20,10314.29,368.53,0.056,0.412,0.176,0.7,restaurant,South Central,35.6,,0
C0178,13,35374.04,2282.16,0.073,0.174,0.304,18.4,school,Northeast,62.5,,0
C0179,9,969.94,104.19,0.072,0.391,0.087,1.9,office,North Central,65.7,,0
C0181,7,5421.5,1963.67,0.073,0.278,0.389,14.7,school,Northwest,70.9,,0
C0182,15,2769.63,183.16,0.06,0.333,0.111,7.4,office,South Central,13.6,,0
C0183,23,12833.66,535.38,0.071,0.278,0.111,0.4,retail,South Central,19.1,,0
C0184,7,10519.11,1925.93,0.091,0.28,0.44,2.9,school,North Central,65.3,,0
C0185,44,20378.07,452.19,0.066,0.34,0.184,1.3,restaurant,Southwest,87.2,,0
C0186,32,11181.24,438.25,0.062,0.377,0.117,0.6,restaurant,Southeast,43.3,,0
C0187,6,13957.97,1649.56,0.034,0.214,0.286,2.6,school,South Central,88.6,,0
C0188,14,32280.8,2473.58,0.062,0.281,0.312,4.7,school,North Central,70.6,,0
C0189,19,1052.07,63.41,0.049,0.905,0.214,1.7,office,South Central,71.9,0.0,0
C0190,11,1720.45,182.25,0.072,0.294,0.206,0.4,retail,South Central,86.2,,0
C0191,8,481.2,54.19,0.039,0.947,0.053,4.3,office,Northeast,75.1,0.0,0
C0192,24,14405.45,543.38,0.079,0.292,0.208,4.3,retail,Southwest,49.5,,0
C0193,19,2123.97,122.14,0.071,0.231,0.128,1.3,retail,North Central,71.6,,0
C0194,21,8814.54,510.3,0.058,0.308,0.218,20.6,restaurant,South Central,88.3,,1
C0195,12,2070.38,180.47,0.065,0.31,0.172,0.3,retail,South Central,51.7,,0
C0196,22,16276.2,596.21,0.074,0.37,0.093,8.3,restaurant,South Central,53.5,,1
C0197,25,20247.06,677.87,0.067,0.321,0.17,0.4,retail,Northeast,42.6,,0
C0198,19,6303.89,299.8,0.07,0.348,0.13,0.3,retail,South Central,35.2,,0
C0199,22,21455.58,534.95,0.074,0.284,0.243,18.7,restaurant,South Central,76.1,,1
C0200,21,6722.16,320.1,0.078,0.476,0.0,0.4,restaurant,Northeast,7.4,,0
C0201,21,1441.92,76.57,0.051,0.98,0.204,1.3,retail,South Central,31.4,0.0,0
C0202,11,2491.88,128.89,0.054,0.892,0.351,6.4,nonprofit,Northeast,77.0,0.0,1
C0203,8,407.96,86.6,0.041,1.0,0.0,2.3,office,South Central,72.0,1.0,0
C0204,6,325.86,77.09,0.046,0.957,0.087,6.7,office,South Central,49.5,1.0,0
C0205,18,1585.72,104.97,0.047,0.894,0.191,5.3,restaurant,South Central,88.3,1.0,1
C0206,34,15297.47,501.36,0.066,0.373,0.179,0.6,restaurant,Northeast,35.3,,0
C0207,38,25778.25,506.96,0.067,0.291,0.174,0.7,retail,Northeast,29.8,,0
C0208,40,16399.38,428.81,0.063,0.421,0.206,1.6,restaurant,Southwest,31.3,,0
C0209,16,1389.18,105.67,0.043,1.0,0.212,0.6,restaurant,Northeast,49.1,0.0,0
C0210,28,9355.39,471.46,0.056,0.421,0.088,0.9,restaurant,South Central,32.8,,0
C0211,30,16435.73,527.37,0.06,0.385,0.205,1.3,restaurant,Southwest,36.7,,0
C0212,10,696.04,87.4,0.03,1.0,0.167,22.7,restaurant,South Central,52.9,0.0,1
C0213,51,25534.47,524.9,0.067,0.329,0.235,0.3,restaurant,Northeast,88.0,,0
C0214,26,12036.38,420.01,0.077,0.426,0.118,4.6,restaurant,Northeast,42.5,,0
C0215,15,3227.82,305.16,0.059,0.31,0.103,0.7,clinic,Northeast,36.8,,0
C0217,25,4866.58,200.22,0.058,0.419,0.258,11.7,restaurant,Northeast,64.9,,1
C0218,21,7728.86,433.34,0.065,0.486,0.135,5.3,restaurant,Northeast,19.8,,1
C0219,14,983.42,84.62,0.047,0.897,0.207,1.9,retail,Northeast,76.4,0.0,0
C0220,10,2342.52,125.6,0.051,0.926,0.074,13.4,restaurant,South Central,81.1,0.0,1
C0221,8,648.41,68.66,0.048,0.95,0.2,4.9,office,Northeast,62.5,1.0,0
C0222,19,3365.9,213.57,0.064,0.351,0.324,3.9,school,Southwest,44.1,,0
C0223,33,14172.88,446.71,0.064,0.388,0.175,1.4,restaurant,South Central,26.5,,0
C0224,57,25574.21,445.5,0.066,0.375,0.158,0.3,restaurant,South Central,34.1,,0
C0225,40,20874.18,536.55,0.075,0.357,0.224,2.9,restaurant,Northeast,36.1,,0
C0226,9,3053.96,245.81,0.057,0.24,0.24,18.3,clinic,Northeast,69.6,,1
C0227,23,7799.39,430.9,0.058,0.453,0.113,0.7,restaurant,Northeast,61.2,,0
C0228,11,1512.83,117.39,0.068,0.375,0.167,8.3,retail,South Central,57.3,,1
C0229,21,2376.84,165.0,0.069,0.302,0.245,7.6,retail,South Central,50.7,,0
C0230,24,10284.43,428.52,0.069,0.25,0.083,0.3,restaurant,South Central,9.7,,1
C0231,17,2799.79,174.39,0.056,0.375,0.219,0.4,office,South Central,75.4,,0
C0232,5,778.6,164.37,0.064,0.296,0.148,5.4,restaurant,South Central,75.3,,0
C0233,10,20995.4,1793.48,0.068,0.143,0.5,5.9,nonprofit,North Central,18.7,,0
C0234,29,18221.64,583.84,0.07,0.4,0.2,2.3,restaurant,Northeast,14.9,,0
C0235,9,1965.72,218.41,0.085,0.333,0.0,5.4,clinic,North Central,11.9,,1
C0236,14,3409.18,224.79,0.079,0.312,0.188,0.7,restaurant,Northeast,16.4,,0
C0237,20,3751.98,174.02,0.083,0.378,0.2,9.3,office,South Central,54.2,,1
C0238,8,1758.95,188.48,0.055,0.474,0.184,7.7,office,South Central,88.7,,0
C0239,7,505.82,87.22,0.052,0.857,0.071,16.7,office,South Central,82.4,1.0,0
C0240,6,10318.53,1521.19,0.069,0.333,0.333,5.3,school,Southwest,66.2,,0
C0241,8,2672.01,249.89,0.067,0.478,0.13,1.6,clinic,South Central,41.9,,0
C0242,15,1346.9,107.03,0.042,0.907,0.14,2.9,restaurant,Northeast,83.3,1.0,0
C0243,17,3208.96,250.54,0.062,0.283,0.113,13.4,restaurant,South Central,49.6,,0
C0244,12,23947.82,2072.5,0.068,0.192,0.462,6.4,nonprofit,South Central,37.3,,0
C0245,5,273.41,150.94,0.073,0.36,0.2,1.4,school,Northeast,81.0,,0
C0246,11,4787.83,365.91,0.051,0.35,0.0,4.7,office,South Central,43.8,,0
C0247,36,20528.39,508.78,0.064,0.311,0.204,4.4,restaurant,Northeast,62.6,,0
C0248,16,2092.11,140.42,0.06,0.421,0.184,0.9,office,South Central,77.3,,0
C0249,10,1035.59,70.65,0.04,0.963,0.148,2.6,office,Northeast,71.3,1.0,0
C0250,9,2250.15,238.02,0.068,0.167,0.333,8.6,nonprofit,South Central,50.4,,0
C0251,8,539.8,98.83,0.045,0.971,0.229,18.6,restaurant,Southwest,70.6,1.0,1
C0252,9,2098.03,166.11,0.067,0.226,0.065,5.9,office,South Central,70.9,,1
C0253,46,21535.3,495.84,0.061,0.376,0.118,1.6,restaurant,South Central,31.9,,0
C0254,14,1432.75,93.5,0.053,0.444,0.222,16.4,office,South Central,21.6,,0
C0255,1,90.37,68.38,0.04,1.0,0.214,27.4,retail,North Central,37.9,1.0,1
C0256,13,1621.48,200.96,0.071,0.424,0.061,2.3,office,South Central,26.6,,0
C0257,17,1551.88,76.55,0.043,0.944,0.222,9.6,restaurant,Northeast,71.6,0.0,0
C0258,16,12604.64,595.49,0.053,0.389,0.296,5.3,restaurant,South Central,67.5,,0
C0259,36,11676.98,295.78,0.062,0.338,0.2,3.7,restaurant,South Central,62.6,,0
C0260,17,2166.17,168.82,0.067,0.333,0.282,14.3,office,South Central,60.1,,0
C0261,27,3875.62,176.1,0.059,0.379,0.19,9.4,clinic,Southwest,87.5,,1
C0262,10,4027.05,321.59,0.068,0.421,0.0,2.9,office,South Central,63.2,,0
C0263,52,23331.08,440.03,0.057,0.368,0.245,2.4,restaurant,Southwest,33.6,,0
C0264,15,2290.0,173.75,0.054,0.415,0.171,3.3,office,North Central,68.4,,0
C0265,9,588.22,80.47,0.045,0.957,0.13,8.3,office,Southwest,27.7,0.0,0
C0266,8,1646.86,196.29,0.058,0.591,0.136,0.9,clinic,Southeast,80.5,,0
C0267,9,707.81,78.61,0.033,1.0,0.278,19.7,nonprofit,Southeast,50.3,1.0,1
C0268,4,24802.4,3822.93,0.098,0.385,0.308,9.9,school,North Central,89.3,,0
C0269,10,2362.24,313.46,0.069,0.278,0.25,15.4,restaurant,South Central,34.7,,1
C0270,20,10097.0,439.08,0.058,0.365,0.25,17.6,restaurant,South Central,47.9,,1
C0271,13,1882.0,187.24,0.055,0.407,0.185,1.3,retail,South Central,83.5,,0
C0272,8,8363.23,1304.46,0.095,0.211,0.316,12.7,nonprofit,North Central,65.9,,0
C0273,5,9894.06,1978.81,0.031,0.4,0.6,9.9,school,South Central,11.7,,0
C0274,37,11578.34,408.56,0.06,0.344,0.094,1.7,retail,Northwest,67.9,,0
C0275,19,12551.64,391.93,0.057,0.326,0.14,2.7,clinic,South Central,89.2,,0
C0276,24,11843.96,520.86,0.059,0.382,0.218,0.9,restaurant,Northeast,50.1,,0
C0277,6,14257.41,2583.72,0.057,0.25,0.583,19.3,school,North Central,42.4,,0
C0278,67,56767.34,683.88,0.066,0.333,0.215,0.4,restaurant,Northeast,66.8,,0
C0279,5,848.13,165.11,0.068,0.444,0.111,19.3,office,South Central,60.1,,1
C0280,17,1661.44,114.8,0.045,0.97,0.212,0.9,restaurant,Northwest,76.7,0.0,0
C0281,9,600.55,66.73,0.022,1.0,0.444,17.3,retail,Northeast,8.7,0.0,1
C0282,15,1369.82,95.11,0.041,0.935,0.161,3.4,restaurant,South Central,63.0,0.0,0
C0283,22,5137.43,327.75,0.073,0.227,0.25,0.7,clinic,South Central,84.2,,0
C0284,3,3906.61,1302.2,0.124,0.0,0.0,1.7,school,South Central,5.7,,0
C0285,37,13661.43,492.34,0.071,0.3,0.125,1.7,restaurant,Southwest,72.9,,0
C0286,13,732.42,61.55,0.046,0.939,0.303,0.3,retail,Northeast,65.8,0.0,0
C0287,7,1005.62,105.84,0.054,0.966,0.069,10.9,retail,South Central,42.1,0.0,1
C0288,25,8437.7,337.51,0.067,0.4,0.08,0.9,retail,South Central,11.8,,0
C0289,14,3273.88,286.25,0.072,0.36,0.12,10.7,clinic,Northeast,81.1,,1
C0290,9,1086.97,89.01,0.026,0.87,0.174,4.3,restaurant,Northeast,65.6,0.0,0
C0291,11,2861.48,184.39,0.062,0.208,0.25,2.6,clinic,South Central,85.9,,0
C0292,13,1175.89,77.75,0.046,0.923,0.077,1.3,retail,Northwest,79.2,1.0,0
C0293,12,977.92,84.57,0.056,0.929,0.321,5.4,nonprofit,Southwest,26.5,1.0,0
C0294,15,1498.86,99.66,0.039,0.933,0.067,1.3,office,Northeast,61.9,0.0,0
C0295,13,5514.96,251.72,0.061,0.276,0.069,4.6,restaurant,South Central,87.8,,0
C0297,11,1066.76,105.03,0.041,0.955,0.273,18.6,nonprofit,Northeast,54.8,1.0,0
C0298,13,29550.27,2032.2,0.052,0.25,0.25,6.4,school,South Central,82.9,,0
C0299,16,1880.88,184.16,0.07,0.279,0.14,1.3,retail,South Central,88.4,,0
C0300,11,1602.01,205.38,0.074,0.407,0.148,0.4,retail,Northeast,38.0,,0
C0301,10,929.67,87.42,0.043,0.964,0.107,2.3,restaurant,South Central,77.1,1.0,0
C0302,10,716.28,91.79,0.038,0.964,0.143,7.3,restaurant,Northeast,61.0,1.0,1
C0303,31,12719.97,455.64,0.057,0.333,0.167,0.6,restaurant,Northeast,78.9,,0
C0304,17,2068.3,99.3,0.047,1.0,0.375,0.3,restaurant,Southeast,83.5,1.0,0
C0305,66,42942.01,564.52,0.071,0.333,0.182,0.3,restaurant,Southwest,79.5,,0
C0306,12,1804.15,130.62,0.049,0.517,0.103,1.3,clinic,Southwest,25.7,,0
C0307,1,1350.33,2081.02,0.04,0.714,0.429,47.6,school,South Central,32.6,,1
C0308,24,7443.99,394.69,0.077,0.345,0.121,0.4,restaurant,Northeast,49.2,,0
C0309,7,18990.33,2195.4,0.068,0.348,0.304,4.3,school,Northeast,39.8,,1
C0310,5,6967.47,1270.09,0.069,0.4,0.2,5.4,school,South Central,34.9,,0
C0311,35,20569.05,466.65,0.063,0.474,0.205,0.3,restaurant,Northeast,88.4,,0
C0312,12,2063.38,204.91,0.059,0.371,0.057,0.7,restaurant,Northwest,74.9,,0
C0313,7,33871.04,2685.88,0.076,0.25,0.4,12.3,nonprofit,South Central,31.8,,0
C0314,12,19844.7,1658.39,0.061,0.227,0.455,7.7,school,North Central,26.6,,0
C0315,25,7435.44,346.1,0.073,0.41,0.164,0.6,restaurant,South Central,33.4,,0
C0316,22,2044.24,73.79,0.048,0.952,0.095,0.4,retail,South Central,46.6,0.0,0
C0317,35,16454.21,449.84,0.064,0.337,0.135,0.3,restaurant,Northeast,72.5,,0
C0318,10,1347.66,165.66,0.056,0.308,0.115,2.4,office,South Central,75.4,,0
C0319,19,2448.95,124.27,0.063,0.405,0.135,2.3,retail,Northeast,76.7,,0
C0320,37,12440.39,337.71,0.074,0.39,0.153,1.6,retail,South Central,21.4,,0
C0321,8,1990.68,329.12,0.098,0.357,0.214,6.3,clinic,North Central,83.2,,0
C0322,43,25627.85,496.04,0.055,0.388,0.262,1.3,restaurant,Southeast,68.7,,0
C0323,8,568.84,72.78,0.038,0.947,0.105,6.7,office,South Central,66.3,0.0,1
C0324,14,15948.3,1693.55,0.061,0.235,0.441,0.9,school,Northeast,67.6,,0
C0325,12,1641.74,136.21,0.049,0.438,0.062,2.9,restaurant,Northeast,63.5,,0
C0326,43,26265.14,524.61,0.059,0.408,0.133,4.9,restaurant,South Central,68.4,,0
C0327,23,11182.3,417.01,0.074,0.405,0.152,13.7,restaurant,South Central,35.4,,1
C0328,14,981.82,112.17,0.053,0.939,0.122,1.9,retail,Southwest,47.5,0.0,0
C0329,12,1134.75,76.77,0.051,0.966,0.276,0.9,office,Northeast,85.0,0.0,0
C0330,29,12517.22,456.28,0.075,0.329,0.184,0.3,restaurant,Northeast,68.8,,0
C0331,32,14546.95,507.81,0.061,0.4,0.114,0.6,restaurant,Southwest,87.5,,0
C0332,22,13249.75,540.4,0.065,0.344,0.141,5.3,restaurant,South Central,89.0,,0
C0333,7,1048.51,153.36,0.032,1.0,0.167,25.9,clinic,Northeast,61.4,0.0,1
C0335,8,19111.01,3073.85,0.059,0.353,0.294,30.4,school,South Central,72.4,,0
C0336,2,388.94,194.47,0.034,1.0,0.0,1.3,retail,Northeast,5.2,,0
C0338,9,3139.24,306.88,0.065,0.267,0.133,8.9,clinic,South Central,76.5,,1
C0339,11,3405.98,269.25,0.076,0.333,0.125,16.7,clinic,South Central,43.5,,1
C0340,19,2878.41,158.57,0.06,0.25,0.2,7.7,office,South Central,53.0,,0
C0341,16,3264.2,168.79,0.076,0.312,0.219,0.4,office,South Central,80.0,,0
C0342,8,1182.24,127.11,0.056,0.571,0.143,15.4,clinic,North Central,17.6,,0
C0343,11,729.26,82.46,0.055,0.957,0.217,3.7,clinic,Northeast,54.1,0.0,0
C0344,2,1753.75,754.01,0.052,0.556,0.333,14.9,school,Southwest,85.5,,0
C0345,4,508.4,127.1,0.045,0.25,0.25,1.3,clinic,Northeast,4.3,,0
C0346,35,7871.17,207.28,0.066,0.339,0.194,1.9,clinic,Northeast,82.1,,0
C0347,15,3512.95,273.53,0.069,0.317,0.244,1.3,clinic,South Central,75.3,,0
C0348,11,1110.58,134.87,0.078,0.27,0.27,2.6,school,South Central,82.2,,0
C0349,7,22390.02,2952.5,0.064,0.062,0.438,8.7,school,Northeast,56.1,,0
C0350,18,12023.79,667.99,0.054,0.444,0.056,0.6,restaurant,South Central,7.4,,0
C0351,12,1129.56,97.22,0.051,0.583,0.167,5.4,clinic,Northeast,65.1,,1
C0352,31,12192.2,439.89,0.063,0.304,0.065,0.9,retail,Northeast,15.7,,0
C0353,7,1139.66,199.8,0.058,0.348,0.261,30.6,office,Northeast,30.0,,1
C0354,14,3014.21,203.71,0.071,0.281,0.281,2.9,restaurant,Southwest,33.6,,0
C0355,15,4053.46,307.02,0.083,0.379,0.172,3.6,clinic,North Central,56.7,,1
C0356,9,1763.95,181.75,0.067,0.345,0.207,12.6,restaurant,South Central,88.4,,1
C0357,1,162.68,1674.53,0.045,0.25,0.625,20.7,school,Northeast,47.4,,0
C0358,19,8245.88,433.92,0.056,0.36,0.2,19.6,restaurant,South Central,16.4,,1
C0359,36,21727.04,500.03,0.064,0.33,0.165,1.4,restaurant,Northeast,87.2,,0
C0360,15,5024.04,223.84,0.058,0.394,0.242,7.7,restaurant,South Central,58.7,,0
C0361,38,16119.14,447.27,0.059,0.408,0.105,1.4,restaurant,Northeast,36.5,,0
C0362,25,14065.59,556.58,0.056,0.361,0.208,2.6,restaurant,Northeast,81.6,,0
C0363,45,29061.72,530.92,0.057,0.391,0.138,0.3,retail,South Central,52.9,,0
C0364,9,1106.2,139.09,0.064,0.429,0.214,11.6,office,South Central,50.5,,0
C0365,21,3181.48,176.58,0.062,0.34,0.191,2.4,office,Northeast,75.6,,0
C0366,7,355.79,49.28,0.035,0.938,0.312,7.6,nonprofit,South Central,66.6,1.0,0
C0367,41,16167.27,502.59,0.065,0.417,0.19,1.4,restaurant,South Central,32.4,,0
C0368,16,1346.76,84.87,0.045,0.927,0.122,16.7,restaurant,Northeast,35.2,0.0,1
C0369,20,15241.17,553.23,0.081,0.292,0.271,3.9,restaurant,North Central,74.5,,0
C0370,35,16412.41,415.86,0.058,0.351,0.299,1.6,restaurant,Southwest,57.3,,0
C0371,21,2069.48,69.25,0.043,0.976,0.238,5.4,office,Northeast,39.0,1.0,0
C0372,28,10476.77,362.41,0.07,0.455,0.182,3.6,restaurant,Northeast,44.8,,0
C0373,14,1236.99,112.8,0.05,0.367,0.1,1.4,office,Northeast,24.7,,1
C0375,9,1334.73,137.66,0.062,0.75,0.25,6.9,clinic,South Central,47.6,0.0,0
C0376,13,2051.2,181.82,0.072,0.333,0.242,3.4,office,South Central,47.2,,0
C0377,17,10800.82,402.16,0.064,0.395,0.237,0.9,retail,South Central,41.5,,0
C0378,10,2744.39,268.88,0.067,0.385,0.231,17.9,clinic,Northwest,65.7,,1
C0379,8,1852.38,268.19,0.078,0.28,0.16,14.9,clinic,North Central,76.4,,0
C0380,10,989.46,106.4,0.038,0.958,0.167,2.4,restaurant,South Central,43.5,0.0,1
C0381,23,9991.44,399.99,0.07,0.288,0.212,0.4,restaurant,Northeast,56.6,,0
C0382,16,4125.23,196.82,0.066,0.385,0.231,2.7,office,North Central,67.5,,0
C0383,9,5038.04,357.18,0.062,0.5,0.2,3.7,clinic,Northeast,70.0,,0
C0384,12,3003.25,192.44,0.059,0.407,0.222,3.6,nonprofit,South Central,43.8,,0
C0385,16,5393.57,235.58,0.07,0.378,0.081,2.3,clinic,North Central,73.4,,0
C0386,2,2691.9,1345.95,0.072,0.0,0.0,3.9,school,Southeast,1.7,,0
C0387,36,15342.25,376.94,0.063,0.323,0.231,0.3,restaurant,Northeast,24.3,,0
C0388,10,1470.38,117.64,0.071,0.412,0.206,2.4,retail,Northeast,53.6,,0
C0389,14,798.47,70.37,0.043,1.0,0.148,3.4,office,Northeast,56.7,0.0,0
C0390,30,17317.87,497.66,0.062,0.4,0.138,0.6,retail,North Central,85.2,,0
C0391,13,2367.08,219.06,0.079,0.276,0.31,0.3,restaurant,North Central,50.7,,0
C0392,12,967.72,111.12,0.042,1.0,0.172,3.4,clinic,Southwest,88.4,0.0,0
C0393,11,853.49,116.35,0.059,0.429,0.214,0.3,retail,Northeast,72.2,,0
C0394,6,708.39,189.11,0.066,0.333,0.167,5.4,clinic,Northeast,68.8,,1
C0395,8,608.84,96.66,0.045,0.97,0.303,19.3,retail,South Central,34.2,0.0,1
C0396,42,20448.06,482.85,0.078,0.353,0.255,0.6,restaurant,Northeast,54.1,,0
C0397,20,9065.19,577.99,0.07,0.34,0.22,1.3,restaurant,Northeast,64.3,,0
C0398,17,5905.98,554.22,0.069,0.378,0.222,3.9,restaurant,Northwest,30.8,,0
C0399,12,3905.88,281.79,0.067,0.267,0.167,3.3,clinic,Southwest,31.4,,0
C0400,10,3526.18,234.84,0.07,0.375,0.083,4.6,office,South Central,59.1,,0
C0401,13,1111.8,122.08,0.034,1.0,0.111,3.3,restaurant,Southwest,28.5,0.0,0
C0402,8,306.06,86.76,0.048,0.882,0.176,11.3,office,Northeast,79.9,0.0,0
C0403,11,2513.91,177.27,0.074,0.231,0.192,0.7,retail,South Central,61.4,,0
C0404,1,31.92,77.88,0.056,0.958,0.125,36.3,office,Southwest,42.3,0.0,0
C0405,7,396.76,74.79,0.053,1.0,0.357,9.7,restaurant,South Central,75.3,1.0,0
C0406,13,1957.29,126.37,0.067,0.5,0.056,1.9,office,South Central,16.9,,0
C0407,30,11249.38,422.67,0.061,0.44,0.147,0.4,restaurant,Northeast,82.6,,0
C0408,2,1781.93,2440.56,0.072,0.154,0.385,7.6,nonprofit,Southwest,76.4,,1
C0409,34,16593.27,469.2,0.067,0.368,0.168,0.9,restaurant,North Central,83.4,,0
C0410,10,223.48,64.44,0.044,0.923,0.077,0.3,retail,Northeast,35.3,1.0,0
C0411,26,19453.18,582.51,0.068,0.406,0.25,12.7,restaurant,Southeast,77.3,,1
C0412,11,1853.97,106.27,0.051,0.962,0.154,4.7,retail,South Central,62.4,0.0,0
C0413,11,1062.15,187.01,0.043,0.444,0.222,5.4,school,Northeast,50.1,,1
C0414,6,1135.09,94.44,0.038,0.955,0.091,4.3,restaurant,Northeast,67.4,1.0,0
C0415,21,8393.4,563.83,0.074,0.308,0.327,0.3,restaurant,Southeast,40.0,,0
C0416,8,1698.24,152.68,0.065,0.48,0.2,4.9,clinic,Southwest,53.7,,0
C0417,18,10506.07,515.96,0.074,0.25,0.167,3.4,retail,Southwest,31.4,,1
C0418,8,623.02,84.59,0.029,0.895,0.316,8.7,office,Northeast,43.0,0.0,0
C0419,24,7803.35,423.58,0.063,0.392,0.137,0.7,restaurant,Northwest,73.1,,0
C0420,34,15716.02,491.64,0.072,0.377,0.195,0.3,restaurant,Northeast,40.4,,0
C0421,8,24627.52,3274.45,0.069,0.357,0.214,4.3,nonprofit,South Central,45.6,,0
C0422,35,18444.37,517.23,0.067,0.346,0.247,3.3,restaurant,Northeast,78.8,,0
C0423,5,796.63,304.79,0.063,0.579,0.105,1.9,clinic,Northeast,39.5,,0
C0424,12,2746.96,176.55,0.048,0.455,0.242,8.3,clinic,Northeast,56.3,,1
C0425,35,17628.19,509.68,0.074,0.238,0.225,0.7,restaurant,South Central,62.6,,0
C0426,6,11148.22,2577.1,0.06,0.261,0.478,12.3,school,South Central,86.1,,0
C0427,4,7475.34,2007.05,0.066,0.3,0.3,10.4,school,North Central,43.1,,1
C0428,7,3888.52,555.5,0.075,0.286,0.0,21.7,restaurant,South Central,11.2,,1
C0429,9,2066.61,172.71,0.079,0.229,0.171,1.3,office,Northeast,81.7,,0
C0430,15,3016.41,198.59,0.048,0.467,0.2,0.6,office,North Central,61.6,,0
C0431,18,1368.18,79.74,0.04,0.968,0.194,13.3,restaurant,Northeast,18.8,0.0,1
C0432,12,5565.89,539.36,0.068,0.227,0.0,0.4,restaurant,Northeast,16.5,,0
C0433,10,4639.65,309.33,0.06,0.474,0.263,0.7,clinic,Northwest,74.3,,0
C0434,6,659.86,203.63,0.066,0.345,0.241,13.4,clinic,Northeast,73.3,,1
C0435,21,3637.67,243.05,0.073,0.341,0.293,1.9,clinic,Northwest,66.2,,0
C0436,14,6297.6,298.96,0.061,0.192,0.154,8.6,clinic,South Central,73.3,,0
C0437,9,14904.76,1672.39,0.059,0.37,0.407,9.7,nonprofit,Northeast,71.4,,0
C0438,17,3801.57,212.86,0.052,0.375,0.312,8.9,nonprofit,Northeast,46.4,,0
C0439,21,2135.58,90.75,0.051,0.882,0.324,2.7,restaurant,Northeast,69.5,1.0,1
C0440,9,920.33,194.34,0.051,0.258,0.452,3.3,nonprofit,South Central,51.4,,0
C0441,22,9514.88,534.02,0.075,0.381,0.111,0.3,restaurant,South Central,76.4,,0
C0442,9,3054.1,244.81,0.062,0.212,0.303,17.3,clinic,Northeast,40.8,,1
C0443,17,5641.64,351.48,0.053,0.326,0.174,8.4,clinic,Northeast,57.9,,0
C0444,28,10279.41,410.15,0.054,0.429,0.25,0.6,restaurant,Northwest,59.3,,0
C0445,11,21775.02,2169.43,0.071,0.185,0.37,4.6,school,Northeast,77.3,,0
C0446,14,1784.12,127.93,0.06,0.36,0.16,5.4,office,Northwest,87.7,,0
C0447,40,21567.38,444.0,0.057,0.312,0.247,1.6,restaurant,Southwest,85.2,,0
C0448,17,1552.53,80.57,0.037,0.93,0.233,0.3,office,South Central,52.9,0.0,0
C0449,22,6424.25,470.35,0.059,0.314,0.255,0.3,restaurant,South Central,61.3,,0
C0450,8,1907.86,247.17,0.091,0.278,0.167,15.4,retail,South Central,33.6,,1
C0451,10,816.53,125.44,0.041,0.88,0.28,9.3,office,Southeast,71.0,1.0,1
C0452,16,4049.29,163.56,0.065,0.348,0.152,17.9,retail,South Central,58.9,,1
C0453,11,1384.81,138.76,0.06,0.433,0.267,0.3,retail,South Central,55.4,,0
C0454,8,623.79,71.56,0.043,0.962,0.038,5.3,office,South Central,43.8,0.0,0
C0455,18,4821.02,427.7,0.066,0.519,0.231,4.6,restaurant,South Central,73.3,,0
C0456,9,1592.17,156.45,0.06,0.286,0.143,4.7,retail,South Central,55.7,,0
C0457,11,2129.03,205.1,0.069,0.353,0.118,4.4,retail,South Central,78.1,,0
C0458,8,28551.23,4108.64,0.066,0.25,0.25,3.4,school,South Central,64.0,,0
C0459,27,9947.05,486.91,0.068,0.227,0.167,1.7,retail,South Central,59.4,,0
C0460,12,2293.86,185.96,0.063,0.277,0.106,1.4,office,South Central,49.1,,0
C0461,5,286.78,82.78,0.047,1.0,0.158,13.3,retail,South Central,45.1,0.0,1
C0462,23,10999.59,489.7,0.057,0.365,0.203,2.4,restaurant,South Central,71.7,,0
C0463,7,852.67,174.71,0.065,0.238,0.143,3.4,clinic,South Central,68.2,,0
C0464,3,4006.52,1518.89,0.046,0.4,0.267,32.6,school,South Central,48.4,,0
C0465,12,750.91,61.95,0.042,0.95,0.05,12.4,office,South Central,87.5,0.0,0
C0466,14,644.93,49.32,0.05,0.926,0.074,5.6,office,Southwest,57.1,1.0,1
C0467,12,1036.09,68.29,0.059,0.952,0.095,13.6,office,Northeast,20.8,1.0,1
C0468,13,1385.45,177.61,0.062,0.361,0.111,20.3,clinic,South Central,84.9,,1
C0469,6,1028.75,85.48,0.036,1.0,0.05,6.4,office,North Central,43.2,1.0,0
C0470,5,2005.72,282.77,0.085,0.214,0.214,19.4,clinic,Northeast,70.8,,1
C0471,23,12310.86,469.88,0.062,0.37,0.241,2.3,restaurant,Southeast,34.6,,0
C0472,11,1228.41,84.6,0.042,0.971,0.265,20.4,retail,Northeast,56.3,1.0,1
C0473,12,3145.02,162.75,0.068,0.436,0.359,17.3,school,South Central,86.8,,1
C0474,39,17297.18,449.51,0.068,0.333,0.111,0.7,restaurant,Northeast,31.8,,0
C0475,26,11602.22,547.79,0.063,0.345,0.145,0.4,restaurant,North Central,68.3,,0
C0476,12,621.26,67.25,0.055,1.0,0.16,23.3,restaurant,South Central,42.2,1.0,1
C0477,17,3128.79,195.95,0.07,0.219,0.094,3.3,restaurant,Northeast,80.5,,0
C0478,13,1161.34,102.45,0.047,1.0,0.241,3.4,restaurant,North Central,46.0,1.0,1
C0479,17,1021.59,66.59,0.036,1.0,0.324,0.9,restaurant,Northeast,67.1,1.0,0
C0480,35,21494.69,521.1,0.058,0.378,0.23,0.4,restaurant,North Central,79.7,,0
C0481,40,18257.31,414.84,0.065,0.29,0.08,0.3,retail,Northeast,86.5,,0
C0482,8,329.12,44.82,0.05,1.0,0.429,19.4,restaurant,Northeast,88.5,1.0,0
C0483,3,6356.2,1285.15,0.062,0.083,0.417,17.7,school,Northeast,47.8,,0
C0484,18,2501.45,122.38,0.061,0.346,0.154,2.3,office,South Central,48.3,,0
C0485,17,1355.24,65.62,0.043,0.921,0.053,0.6,retail,South Central,34.4,1.0,0
C0486,13,2004.93,138.32,0.078,0.355,0.161,3.7,office,Northeast,58.7,,0
C0488,11,768.16,66.11,0.055,0.946,0.054,0.6,office,South Central,47.7,1.0,0
C0489,16,816.97,61.5,0.053,0.933,0.067,1.9,office,South Central,60.4,1.0,0
C0490,8,22712.87,2839.11,0.068,0.375,0.375,0.7,school,South Central,9.5,,0
C0491,31,11265.2,355.17,0.052,0.422,0.145,0.9,retail,Northeast,85.9,,0
C0492,26,14869.34,598.74,0.081,0.3,0.14,0.9,restaurant,Southwest,68.4,,0
C0493,12,3040.56,156.46,0.077,0.25,0.25,15.7,retail,North Central,43.0,,1
C0494,29,10572.88,528.8,0.071,0.415,0.2,0.4,restaurant,South Central,53.4,,0
C0495,8,765.95,50.59,0.041,1.0,0.32,2.4,office,Northeast,48.8,1.0,0
C0496,12,28745.51,2365.79,0.051,0.286,0.429,0.3,nonprofit,South Central,63.0,,0
C0497,12,2599.04,176.24,0.069,0.265,0.088,2.7,retail,Southwest,68.9,,0
C0498,25,9208.33,421.07,0.058,0.275,0.159,1.7,retail,South Central,83.0,,0
C0499,14,6500.44,381.89,0.077,0.2,0.125,0.4,retail,Northeast,68.3,,0
C0500,21,9262.32,441.06,0.074,0.238,0.143,0.3,restaurant,South Central,11.0,,0
C0501,8,1263.41,148.16,0.038,0.471,0.294,6.3,clinic,Northeast,55.6,,0
C0502,15,38552.31,3044.54,0.065,0.088,0.324,7.9,school,North Central,49.8,,0
C0503,9,731.26,72.48,0.041,1.0,0.083,1.7,restaurant,Northeast,15.5,1.0,1
C0504,11,25605.81,1890.17,0.061,0.346,0.423,11.9,nonprofit,Northwest,69.8,,0
C0506,13,1113.81,96.83,0.038,0.963,0.222,2.7,retail,Northeast,61.8,1.0,0
C0507,18,2593.43,140.59,0.061,0.289,0.158,0.9,retail,South Central,87.3,,0
C0508,11,941.02,160.85,0.054,0.343,0.143,3.6,office,Northeast,42.2,,0
C0509,38,12916.74,339.91,0.054,0.342,0.132,0.4,restaurant,Southwest,10.6,,0
C0510,12,3369.49,234.37,0.061,0.36,0.16,1.9,office,Southwest,48.8,,0
C0511,28,9843.85,309.25,0.061,0.507,0.282,0.6,restaurant,Northeast,44.6,,0
C0512,6,376.89,97.72,0.042,0.95,0.3,9.3,office,Northwest,50.8,1.0,1
C0513,6,14162.27,2896.89,0.075,0.111,0.333,1.4,school,Northeast,47.7,,0
C0514,16,3283.86,270.81,0.073,0.296,0.148,0.4,clinic,Northeast,53.1,,0
C0515,25,9967.74,480.92,0.064,0.426,0.185,2.6,restaurant,Northeast,82.0,,0
C0516,20,4516.52,222.95,0.063,0.469,0.224,0.7,restaurant,Northeast,34.5,,0
C0517,7,558.99,102.37,0.047,0.955,0.227,1.3,restaurant,South Central,84.8,1.0,0
C0518,35,16232.6,410.07,0.062,0.322,0.08,0.9,retail,South Central,62.3,,0
C0519,14,3913.4,279.53,0.062,0.429,0.143,5.3,retail,North Central,11.4,,1
C0520,37,17833.25,400.39,0.06,0.382,0.162,0.3,restaurant,South Central,89.4,,0
C0521,29,11709.43,403.77,0.067,0.448,0.103,1.6,restaurant,South Central,9.2,,0
C0522,18,11440.38,520.09,0.054,0.404,0.192,0.9,restaurant,Northwest,83.6,,0
C0523,16,1915.75,173.43,0.078,0.325,0.325,10.6,restaurant,Northeast,66.9,,1
C0525,18,4888.29,218.09,0.061,0.462,0.231,1.7,retail,Northeast,24.0,,0
C0526,16,1309.61,75.5,0.039,1.0,0.233,1.9,office,Southwest,76.7,0.0,0
C0528,2,10393.47,2317.28,0.06,0.364,0.545,19.7,school,South Central,39.5,,1
C0529,8,1612.62,319.4,0.066,0.333,0.233,8.3,office,Northeast,76.3,,0
C0530,15,2558.07,150.41,0.046,0.441,0.294,2.6,restaurant,South Central,86.9,,0
C0531,14,798.24,70.68,0.047,1.0,0.08,7.3,restaurant,Northwest,34.0,1.0,0
C0532,15,1389.86,157.96,0.065,0.378,0.541,7.6,school,South Central,37.4,,0
C0533,8,17887.37,2010.32,0.103,0.333,0.222,6.3,school,South Central,13.4,,0
C0534,13,2336.52,210.27,0.058,0.364,0.121,5.4,office,Northwest,60.9,,0
C0535,9,35777.84,2528.89,0.069,0.2,0.32,0.3,school,South Central,50.5,,0
C0537,2,2864.24,955.27,0.051,0.3,0.4,18.3,school,Northeast,51.3,,0
C0538,33,15338.4,476.37,0.065,0.394,0.211,0.4,restaurant,Southwest,77.6,,0
C0539,10,647.17,75.62,0.043,0.963,0.259,3.9,office,South Central,69.2,0.0,0
C0540,12,4736.87,390.82,0.062,0.394,0.152,1.9,clinic,South Central,67.0,,0
C0541,12,2578.91,243.11,0.064,0.2,0.133,14.4,retail,South Central,18.1,,0
C0542,11,727.57,60.21,0.042,0.976,0.167,13.4,retail,South Central,82.5,1.0,0
C0543,17,1280.14,79.3,0.05,0.971,0.206,14.3,restaurant,North Central,29.0,0.0,1
C0544,15,3447.51,175.77,0.07,0.278,0.167,0.6,retail,Northeast,54.3,,0
C0545,10,4033.13,399.29,0.062,0.314,0.143,1.7,restaurant,South Central,60.8,,0
C0546,24,12865.71,515.91,0.07,0.372,0.244,9.4,restaurant,South Central,79.5,,1
C0547,12,16458.67,1891.76,0.064,0.2,0.3,0.7,school,Northwest,33.4,,0
C0548,13,15453.28,697.35,0.058,0.349,0.233,4.3,restaurant,Southwest,48.2,,1
C0549,22,9541.61,416.09,0.072,0.34,0.234,0.6,restaurant,South Central,56.2,,0
C0550,11,2110.39,219.92,0.072,0.192,0.269,18.3,retail,Northeast,30.1,,1
C0551,19,5177.67,255.75,0.062,0.341,0.22,1.3,clinic,Northeast,42.8,,0
C0552,32,14998.24,533.1,0.074,0.397,0.178,0.3,restaurant,South Central,38.7,,0
C0553,18,7140.12,376.29,0.061,0.393,0.213,3.4,retail,Northeast,52.4,,0
C0554,14,2011.91,110.44,0.045,0.968,0.258,0.4,clinic,Southwest,56.9,0.0,0
C0555,4,8414.38,1600.73,0.1,0.0,0.778,15.6,nonprofit,South Central,88.2,,0
C0556,6,7069.46,1632.24,0.087,0.286,0.357,2.3,school,South Central,43.7,,0
C0557,12,5539.49,296.35,0.082,0.452,0.226,15.6,retail,Southwest,56.4,,1
C0558,8,964.62,102.88,0.075,0.412,0.059,1.6,retail,Northwest,43.1,,0
C0559,29,9568.76,468.96,0.052,0.358,0.09,1.7,restaurant,Northeast,33.6,,0
C0560,11,3666.65,292.92,0.062,0.36,0.2,4.6,clinic,Northeast,32.1,,0
C0561,44,20253.5,451.13,0.058,0.323,0.215,0.3,restaurant,Northeast,36.2,,0
C0562,10,13286.63,1183.23,0.055,0.227,0.409,5.6,school,North Central,49.3,,1
C0563,24,11003.82,434.97,0.079,0.389,0.074,0.4,retail,Northeast,73.8,,0
C0564,19,5069.94,201.17,0.059,0.365,0.154,1.3,retail,South Central,55.7,,0
C0565,9,573.1,67.09,0.049,0.923,0.115,1.7,retail,South Central,69.8,0.0,0
C0566,12,3006.58,208.2,0.076,0.333,0.185,1.9,clinic,North Central,65.1,,0
C0567,28,14857.66,486.19,0.066,0.319,0.13,5.3,restaurant,Southwest,87.6,,0
C0568,26,16541.41,478.33,0.064,0.315,0.222,0.9,retail,Southwest,60.0,,0
C0569,9,1156.91,117.99,0.032,0.917,0.125,12.7,retail,South Central,56.8,0.0,1
C0570,11,809.06,74.49,0.045,0.893,0.143,1.9,office,North Central,84.2,0.0,0
C0571,10,29762.62,2250.23,0.085,0.143,0.286,6.6,school,Northeast,72.6,,0
C0572,9,565.03,103.68,0.036,1.0,0.158,14.6,office,Southwest,47.7,0.0,1
C0573,14,3249.19,232.43,0.068,0.238,0.333,1.4,clinic,South Central,17.5,,0
C0574,30,16402.56,527.06,0.065,0.405,0.135,1.6,restaurant,South Central,71.6,,0
C0575,14,3347.71,225.65,0.082,0.37,0.185,0.3,retail,South Central,79.0,,0
C0576,7,16710.18,1720.72,0.056,0.222,0.333,4.7,school,South Central,78.3,,0
C0577,19,11000.06,449.66,0.076,0.328,0.172,1.3,restaurant,Northeast,56.6,,0
C0578,8,1322.98,189.01,0.05,0.519,0.148,0.9,clinic,South Central,39.0,,0
C0579,30,9605.98,422.01,0.07,0.326,0.174,0.3,restaurant,South Central,89.8,,0
C0580,20,4599.1,477.06,0.058,0.4,0.2,11.4,restaurant,Southwest,33.9,,1
C0581,10,7285.75,551.01,0.066,0.143,0.214,4.7,clinic,Northeast,17.4,,0
C0583,15,5419.14,339.18,0.069,0.375,0.062,6.6,office,South Central,13.9,,0
C0584,11,1177.76,196.83,0.078,0.304,0.13,4.3,office,South Central,78.3,,1
C0585,17,4559.34,194.92,0.071,0.4,0.2,0.9,retail,South Central,72.0,,0
C0586,27,11390.79,455.81,0.067,0.311,0.189,0.4,restaurant,Northeast,50.1,,0
C0587,7,17760.7,2063.77,0.106,0.125,0.25,3.3,school,Northeast,73.2,,0
C0588,18,4229.4,204.62,0.062,0.5,0.211,0.6,restaurant,Northwest,47.8,,0
C0589,17,1205.21,88.3,0.043,0.917,0.139,2.6,restaurant,Northeast,35.2,1.0,0
C0590,11,25844.97,2614.52,0.069,0.192,0.385,2.6,nonprofit,Southeast,48.4,,0
C0591,7,474.54,61.47,0.045,0.857,0.286,16.4,office,Northeast,50.9,0.0,1
C0592,19,5697.74,266.87,0.058,0.28,0.14,1.3,retail,Northeast,49.8,,0
C0593,4,95.22,38.05,0.051,0.882,0.176,21.9,restaurant,South Central,47.6,1.0,1
C0594,30,14116.45,524.43,0.049,0.342,0.19,0.4,restaurant,South Central,53.8,,0
C0595,19,6296.46,394.39,0.067,0.446,0.089,3.6,retail,Northeast,68.1,,0
C0596,27,11439.35,445.28,0.067,0.355,0.145,0.7,restaurant,Northeast,63.6,,0
C0597,2,2365.43,1880.79,0.076,0.091,0.182,8.6,school,South Central,63.8,,0
C0598,8,864.16,105.28,0.046,0.368,0.211,5.7,office,South Central,45.5,,0
C0599,13,1522.37,110.11,0.046,0.5,0.083,1.9,office,Southwest,65.0,,0
C0600,8,1404.58,205.52,0.054,0.409,0.182,6.6,office,South Central,30.8,,0
C0601,11,1065.44,74.31,0.047,0.973,0.108,2.7,clinic,Northwest,35.5,0.0,0
C0602,47,22551.55,524.91,0.059,0.325,0.225,0.4,restaurant,Northeast,77.9,,0
C0603,24,7887.18,461.96,0.048,0.443,0.197,0.3,restaurant,Northeast,78.3,,0
C0604,47,23632.35,451.29,0.074,0.283,0.255,0.9,retail,Northeast,79.4,,0
C0605,9,1549.67,118.99,0.047,0.964,0.143,5.7,clinic,Northwest,25.5,1.0,0
C0606,8,477.56,56.23,0.039,0.867,0.067,5.9,office,Southwest,42.9,0.0,0
C0607,6,343.52,40.62,0.05,1.0,0.056,23.7,office,South Central,41.1,1.0,1
C0608,10,1424.06,290.76,0.065,0.4,0.24,7.4,office,North Central,57.9,,0
C0609,40,13709.4,522.51,0.077,0.323,0.219,0.9,restaurant,South Central,45.0,,0
C0610,8,2717.57,632.95,0.067,0.294,0.176,6.6,clinic,Southeast,83.9,,1
C0611,14,2474.92,150.65,0.062,0.571,0.107,4.9,office,North Central,55.5,,0
C0612,11,1850.21,157.92,0.075,0.333,0.667,13.3,nonprofit,Northeast,15.5,,1
C0613,15,17237.65,2707.18,0.066,0.172,0.31,10.9,school,North Central,61.3,,0
C0615,26,8541.21,303.91,0.08,0.36,0.24,2.6,clinic,South Central,48.4,,0
C0616,8,29130.4,1911.19,0.06,0.273,0.273,3.4,school,South Central,80.9,,0
C0617,7,1042.78,204.8,0.048,0.348,0.13,11.9,clinic,Northeast,85.4,,0
C0618,16,1370.27,86.73,0.03,0.966,0.172,1.3,clinic,Northeast,56.9,1.0,0
C0619,4,598.79,167.34,0.067,0.261,0.13,10.9,office,South Central,71.4,,1
C0620,19,2689.74,169.12,0.072,0.404,0.135,0.4,retail,South Central,44.9,,0
C0621,11,2252.64,196.74,0.073,0.265,0.118,1.3,clinic,Northeast,79.0,,0
C0622,14,2190.73,216.56,0.082,0.259,0.556,5.6,nonprofit,Northeast,20.4,,0
C0623,37,13790.07,438.47,0.069,0.286,0.221,0.7,retail,Southwest,44.0,,0
C0624,4,1283.05,302.31,0.096,0.292,0.458,20.3,school,Northeast,75.7,,0
C0625,5,435.09,87.02,0.039,1.0,0.0,0.6,office,South Central,1.8,0.0,0
C0626,24,14390.69,481.15,0.072,0.373,0.164,1.7,restaurant,Northwest,80.8,,0
C0627,13,1627.86,148.79,0.071,0.294,0.235,10.7,office,South Central,18.5,,1
C0628,11,1402.7,100.49,0.045,0.968,0.065,7.9,restaurant,Northeast,60.6,1.0,0
C0629,9,821.28,91.25,0.078,0.667,0.0,25.6,nonprofit,Northeast,8.7,,0
C0630,12,2324.73,238.29,0.058,0.25,0.179,9.6,clinic,Northeast,78.6,,1
C0631,7,10821.35,2118.33,0.08,0.263,0.316,4.6,school,Northwest,41.6,,0
C0632,9,1093.97,93.83,0.045,0.933,0.3,19.4,office,Northeast,56.6,0.0,1
C0633,3,5271.63,2454.02,0.058,0.133,0.4,6.6,school,Northeast,70.8,,0
C0634,23,9550.31,443.68,0.058,0.333,0.222,14.9,restaurant,South Central,78.3,,1
C0635,16,1931.73,120.11,0.068,0.314,0.171,0.4,office,Northeast,75.4,,0
C0637,23,14237.96,594.42,0.071,0.321,0.113,1.4,retail,Northeast,54.1,,0
C0638,4,525.99,70.51,0.027,1.0,0.357,9.4,nonprofit,Northeast,71.0,1.0,0
C0639,38,41490.27,705.79,0.062,0.396,0.22,1.7,restaurant,Northwest,43.3,,0
C0640,15,1245.1,72.48,0.053,0.929,0.214,6.7,office,South Central,43.5,1.0,0
C0641,18,2813.73,147.71,0.056,0.467,0.367,5.6,nonprofit,South Central,42.3,,0
C0642,12,2220.79,268.88,0.052,0.515,0.303,0.4,clinic,Northeast,67.3,,0
C0643,24,8101.94,366.57,0.06,0.34,0.064,1.3,restaurant,South Central,56.7,,0
C0644,19,4084.85,188.31,0.057,0.326,0.442,4.3,school,South Central,39.9,,0
C0645,22,10280.25,548.42,0.05,0.327,0.164,0.6,restaurant,North Central,35.2,,0
C0646,11,18310.19,1388.43,0.064,0.261,0.304,4.9,school,Northeast,30.2,,0
C0647,16,4290.68,179.3,0.067,0.333,0.128,9.7,office,Northeast,81.3,,1
C0648,20,2315.68,92.22,0.044,0.935,0.258,2.9,retail,Northeast,35.1,1.0,0
C0650,8,713.73,93.71,0.04,0.839,0.258,0.9,clinic,Northwest,37.2,0.0,0
C0651,20,6176.76,326.48,0.065,0.308,0.096,1.7,retail,Northwest,66.5,,0
C0652,10,831.55,77.32,0.024,1.0,0.261,15.7,retail,Northeast,52.2,0.0,1
C0653,26,12625.88,456.3,0.073,0.342,0.184,0.3,restaurant,Southeast,75.3,,0
C0654,52,17988.12,336.61,0.069,0.333,0.108,0.4,retail,North Central,60.4,,0
C0655,65,33530.71,470.69,0.065,0.327,0.176,0.3,restaurant,South Central,31.1,,0
C0656,43,19075.94,440.03,0.074,0.254,0.07,1.6,retail,South Central,17.6,,0
C0657,5,8956.52,2039.52,0.064,0.3,0.2,15.6,nonprofit,Northwest,66.3,,0
C0658,12,4468.75,568.29,0.08,0.318,0.273,18.3,restaurant,Northeast,50.4,,1
C0659,10,2070.37,269.31,0.076,0.278,0.167,0.3,clinic,Northeast,29.1,,0
C0660,10,3016.45,213.26,0.063,0.304,0.261,10.3,retail,Northeast,65.3,,0
C0661,10,1075.57,141.08,0.059,0.421,0.316,10.7,restaurant,South Central,44.0,,0
C0662,18,10572.13,466.0,0.09,0.318,0.159,2.6,restaurant,South Central,56.4,,0
C0663,12,3422.04,246.43,0.071,0.269,0.231,1.6,office,Northeast,73.9,,0
C0664,38,9079.25,345.97,0.047,0.374,0.162,6.9,retail,Northeast,41.1,,1
C0665,9,24812.39,2896.06,0.077,0.158,0.368,2.4,school,South Central,87.2,,0
C0666,12,842.04,70.21,0.042,0.964,0.321,5.3,restaurant,Southwest,82.2,1.0,0
C0667,12,582.97,71.95,0.041,0.975,0.2,19.6,restaurant,South Central,41.5,1.0,1
C0668,18,3417.06,270.02,0.083,0.27,0.189,0.3,restaurant,South Central,76.7,,0
C0669,5,99.07,84.56,0.041,0.9,0.3,11.4,nonprofit,Southeast,88.5,1.0,1
C0670,8,1085.08,302.33,0.041,0.421,0.158,23.9,retail,Southeast,30.8,,0
C0671,41,19474.83,575.72,0.068,0.272,0.163,1.7,restaurant,Northeast,57.1,,0
C0672,9,16837.09,1720.77,0.059,0.154,0.154,6.6,school,Southwest,75.2,,0
C0673,11,2043.37,192.17,0.063,0.316,0.263,0.9,clinic,North Central,68.7,,0
C0674,10,1348.81,115.74,0.032,0.333,0.222,14.9,office,Northeast,46.4,,0
C0675,15,3205.41,180.35,0.076,0.5,0.107,4.3,office,South Central,84.9,,0
C0676,30,10855.17,448.6,0.074,0.39,0.159,0.9,restaurant,Southwest,46.2,,0
C0677,11,672.96,92.99,0.041,0.944,0.278,2.4,restaurant,Northwest,77.7,1.0,0
C0678,9,19681.64,1879.59,0.083,0.35,0.5,13.7,school,Northeast,79.7,,0
C0679,12,1005.86,71.71,0.056,0.88,0.24,3.4,clinic,Northeast,47.3,0.0,0
C0680,21,3333.21,133.25,0.069,0.395,0.116,0.4,retail,South Central,42.1,,0
C0681,20,3203.57,162.35,0.073,0.367,0.133,4.7,office,South Central,49.0,,0
C0682,18,4441.06,227.1,0.068,0.34,0.128,3.7,restaurant,North Central,36.3,,0
C0683,13,25945.19,1829.21,0.07,0.278,0.222,4.7,school,South Central,67.7,,0
C0684,55,17595.42,335.35,0.058,0.386,0.181,0.7,retail,North Central,80.3,,0
C0685,12,28978.73,2912.29,0.063,0.206,0.471,1.4,school,South Central,84.9,,0
C0686,13,1700.59,127.48,0.077,0.242,0.152,5.6,office,Northwest,88.1,,0
C0687,10,729.74,84.68,0.046,0.9,0.133,8.9,office,South Central,61.7,0.0,1
C0688,15,1574.78,147.04,0.056,0.488,0.268,1.7,school,Southwest,71.6,,0
C0689,13,4515.65,257.2,0.064,0.5,0.179,2.7,clinic,Southeast,73.2,,0
C0690,13,47297.5,3191.58,0.084,0.269,0.154,2.4,school,Northeast,68.8,,0
C0691,14,1296.56,75.05,0.038,1.0,0.217,5.6,retail,South Central,82.2,1.0,0
C0692,19,3961.16,166.48,0.062,0.447,0.158,3.4,office,North Central,64.8,,0
C0693,5,864.2,95.1,0.041,0.941,0.118,14.3,retail,South Central,51.4,1.0,0
C0694,24,10995.61,363.09,0.064,0.435,0.145,3.4,retail,Northeast,86.5,,0
C0695,25,8347.15,433.61,0.073,0.303,0.167,0.6,restaurant,Northeast,51.1,,0
C0696,18,2805.53,168.58,0.058,0.267,0.244,1.3,office,Northeast,43.1,,0
C0697,17,6972.31,456.91,0.066,0.25,0.321,4.6,restaurant,Northeast,32.5,,0
C0698,10,773.11,74.64,0.039,0.97,0.121,2.4,office,South Central,39.4,0.0,0
C0699,13,2207.94,138.08,0.075,0.294,0.147,0.7,retail,Northeast,47.3,,0
C0700,24,9425.97,552.72,0.067,0.319,0.145,0.7,retail,South Central,53.0,,0
C0701,8,1145.57,107.97,0.039,0.926,0.185,8.6,retail,Northeast,62.5,0.0,0
C0702,6,1006.58,147.88,0.058,0.417,0.125,12.6,office,Northeast,32.1,,0
C0703,9,3058.97,319.36,0.075,0.28,0.2,1.9,clinic,Northeast,67.1,,0
C0704,24,11592.95,474.24,0.071,0.268,0.179,1.4,restaurant,Northwest,58.7,,0
C0705,31,18819.23,561.5,0.069,0.372,0.231,9.6,restaurant,Northeast,89.5,,0
C0706,7,937.64,128.32,0.101,0.312,0.188,13.3,office,Southwest,23.8,,0
C0707,7,11904.89,1317.75,0.053,0.316,0.105,4.3,school,Southwest,36.9,,0
C0708,6,1191.59,259.18,0.065,0.348,0.087,14.6,clinic,South Central,65.1,,0
C0709,33,19288.67,440.3,0.059,0.416,0.195,6.3,restaurant,Southwest,66.6,,0
C0710,41,25899.43,487.98,0.078,0.368,0.095,0.3,retail,Northeast,35.6,,0
C0711,10,726.54,63.47,0.045,0.955,0.182,14.7,office,Northeast,46.3,1.0,0
C0712,10,2025.99,277.29,0.049,0.323,0.194,2.4,clinic,Southwest,28.0,,0
C0713,36,17703.41,556.63,0.06,0.309,0.124,4.4,retail,South Central,68.4,,0
C0714,21,3138.89,171.12,0.06,0.406,0.109,0.3,office,South Central,53.6,,0
C0715,30,12364.0,464.79,0.063,0.417,0.194,1.3,restaurant,South Central,75.8,,0
C0716,10,1836.66,200.91,0.059,0.294,0.176,2.4,retail,South Central,88.6,,0
C0717,10,414.72,59.28,0.053,0.929,0.143,10.9,office,South Central,20.7,0.0,1
C0719,14,1215.83,84.62,0.047,0.882,0.176,13.7,retail,Northeast,41.4,0.0,1
C0720,32,19605.66,503.27,0.068,0.366,0.129,1.9,restaurant,South Central,84.7,,0
C0721,28,29781.95,738.6,0.067,0.382,0.206,3.7,restaurant,Northeast,80.8,,0
C0722,7,1005.85,119.83,0.043,0.955,0.364,19.4,restaurant,Northeast,36.3,1.0,1
C0723,9,1084.52,237.78,0.075,0.2,0.08,1.9,clinic,South Central,28.4,,0
C0724,13,1672.32,164.32,0.069,0.394,0.121,2.6,clinic,Northeast,67.1,,0
C0725,20,2629.93,170.09,0.068,0.314,0.196,1.6,clinic,Northeast,59.2,,0
C0726,11,780.52,78.56,0.042,0.885,0.115,8.3,office,South Central,89.2,1.0,1
C0727,33,13555.51,429.95,0.059,0.342,0.184,10.3,restaurant,Northeast,67.9,,1
C0728,12,684.81,58.47,0.034,0.969,0.125,10.4,retail,South Central,42.5,0.0,1
C0729,16,2442.43,128.61,0.039,0.946,0.081,8.4,office,South Central,76.4,0.0,1
C0730,11,63809.85,4798.3,0.068,0.267,0.333,6.6,school,South Central,16.6,,0
C0731,13,4475.64,227.23,0.069,0.333,0.278,0.4,nonprofit,Northeast,75.5,,0
C0732,30,17658.11,559.96,0.07,0.347,0.173,1.6,retail,South Central,83.3,,0
C0733,8,632.23,67.97,0.051,1.0,0.1,23.9,office,Northeast,45.5,0.0,1
C0734,17,1789.86,96.58,0.038,0.944,0.194,5.4,restaurant,Northeast,56.2,0.0,0
C0735,33,11186.84,490.43,0.064,0.442,0.182,4.4,restaurant,Northeast,79.2,,0
C0736,4,7215.4,1319.3,0.07,0.467,0.4,25.7,nonprofit,Southwest,46.4,,1
C0737,41,16308.51,401.71,0.065,0.318,0.165,0.6,restaurant,South Central,85.1,,0
C0738,11,3090.33,299.82,0.063,0.25,0.156,1.9,restaurant,South Central,57.5,,0
C0739,33,13327.46,337.19,0.054,0.423,0.205,2.4,restaurant,South Central,75.7,,0
C0740,15,7586.24,369.81,0.054,0.5,0.175,0.9,restaurant,Northeast,43.3,,0
C0741,6,8559.97,1621.34,0.054,0.444,0.444,13.3,school,Southwest,50.7,,0
C0742,11,1269.88,160.3,0.05,0.476,0.381,6.9,nonprofit,South Central,18.3,,0
C0743,10,1978.19,100.5,0.041,0.964,0.107,11.9,office,Northeast,53.3,1.0,0
C0744,20,4055.79,137.98,0.078,0.357,0.19,4.4,office,Northeast,35.0,,0
C0745,41,14427.77,421.06,0.074,0.446,0.152,0.3,restaurant,South Central,77.1,,0
C0746,15,3782.37,184.86,0.061,0.3,0.1,1.9,restaurant,South Central,40.9,,0
C0747,11,794.03,72.8,0.036,0.957,0.217,2.6,retail,North Central,78.7,0.0,0
C0748,7,13998.06,1574.21,0.057,0.435,0.348,6.9,school,Northeast,73.0,,0
C0749,31,9974.81,331.79,0.072,0.281,0.156,2.9,restaurant,Southwest,12.9,,0
C0750,4,376.23,106.89,0.032,0.889,0.056,26.3,restaurant,Northeast,80.4,1.0,1
C0751,12,1928.07,143.72,0.052,0.385,0.308,3.6,clinic,South Central,40.4,,0
C0752,11,2183.15,182.06,0.062,0.4,0.233,14.6,office,South Central,39.8,,1
C0753,11,1914.75,159.06,0.058,0.474,0.105,0.4,office,North Central,56.7,,0
C0754,10,3526.96,244.74,0.076,0.357,0.214,23.3,clinic,Northeast,89.1,,1
C0755,7,1110.37,318.81,0.055,0.32,0.36,0.4,school,Northeast,80.0,,0
C0756,27,11833.16,425.19,0.059,0.351,0.193,1.4,restaurant,Southwest,44.0,,0
C0757,37,14416.69,442.17,0.066,0.368,0.168,0.3,retail,Northwest,49.1,,0
C0758,14,2295.51,196.99,0.061,0.324,0.216,1.3,clinic,South Central,66.0,,0
C0759,19,5273.08,425.45,0.074,0.379,0.227,0.6,restaurant,Southwest,35.1,,0
C0760,24,4503.26,180.55,0.071,0.286,0.204,0.7,retail,South Central,45.0,,0
C0761,2,2044.14,1433.34,0.06,0.091,0.545,17.6,nonprofit,South Central,35.4,,0
C0762,16,1578.23,101.27,0.045,0.966,0.172,2.7,office,South Central,75.2,1.0,0
C0763,18,1022.25,79.76,0.035,0.975,0.175,3.3,retail,Southwest,69.4,1.0,1
C0764,33,16400.52,573.74,0.061,0.344,0.161,0.9,restaurant,Southwest,80.4,,0
C0765,54,32605.86,532.07,0.07,0.392,0.167,1.3,restaurant,Northeast,41.5,,0
C0766,8,1582.66,197.83,0.044,0.625,0.125,1.9,restaurant,South Central,4.9,,0
C0767,36,14306.59,537.98,0.072,0.227,0.182,1.3,restaurant,North Central,51.0,,0
C0768,24,9605.58,666.11,0.07,0.28,0.18,2.9,restaurant,Northeast,34.9,,0
C0769,15,12105.23,927.71,0.035,0.304,0.348,4.9,school,Northeast,67.2,,0
C0770,2,2070.87,1035.44,0.046,0.5,0.0,1.3,restaurant,Northeast,1.5,,0
C0771,32,13405.36,437.08,0.064,0.355,0.224,0.9,restaurant,Southwest,61.5,,1
C0772,8,645.14,116.33,0.059,0.231,0.077,4.3,retail,South Central,17.6,,0
C0773,6,6234.55,1299.13,0.075,0.167,0.417,1.3,school,Southwest,33.8,,0
C0774,50,29404.05,454.14,0.071,0.321,0.26,1.3,restaurant,Southeast,86.3,,0
C0775,11,1138.96,103.54,0.039,0.909,0.091,12.3,restaurant,South Central,7.6,0.0,1
C0776,11,2106.87,199.48,0.053,0.423,0.192,3.3,office,Northeast,69.4,,0
C0777,14,9768.27,402.25,0.095,0.226,0.129,0.3,retail,South Central,60.0,,0
C0778,9,1751.14,287.12,0.073,0.429,0.286,2.4,office,South Central,41.6,,1
C0779,31,11031.32,498.73,0.063,0.521,0.123,0.7,restaurant,Southwest,30.8,,0
C0780,9,21752.14,2363.29,0.09,0.111,0.056,0.7,school,South Central,60.4,,0
C0781,5,177.92,68.39,0.038,1.0,0.182,36.7,restaurant,Southwest,56.7,1.0,1
C0782,8,1466.33,291.94,0.06,0.412,0.059,5.6,office,Southwest,63.0,,1
C0783,6,240.05,93.77,0.042,0.857,0.321,11.9,nonprofit,South Central,32.5,0.0,0
C0784,4,7788.13,1919.98,0.082,0.167,0.333,9.7,school,South Central,81.1,,0
C0786,10,710.93,54.08,0.053,0.923,0.231,15.4,retail,South Central,37.0,0.0,1
C0787,21,9498.09,368.2,0.063,0.409,0.159,3.7,retail,South Central,77.2,,0
C0788,17,6305.52,301.44,0.061,0.298,0.17,0.6,clinic,South Central,71.5,,0
C0789,34,20326.38,582.51,0.064,0.244,0.049,3.4,restaurant,South Central,14.3,,0
C0790,3,564.72,296.6,0.072,0.333,0.278,22.6,clinic,Northeast,62.0,,1
C0791,9,999.73,81.18,0.05,1.0,0.2,3.3,office,Northeast,22.8,1.0,0
C0792,4,4124.83,1138.88,0.051,0.286,0.143,4.6,school,Northeast,13.4,,0
C0793,8,28281.11,2939.36,0.068,0.125,0.188,0.3,school,Northeast,72.5,,0
C0794,16,5177.41,242.01,0.081,0.379,0.207,1.9,clinic,North Central,45.0,,0
C0795,31,13398.72,432.42,0.061,0.297,0.109,0.3,retail,South Central,40.7,,0
C0796,30,9428.79,338.41,0.069,0.448,0.09,0.6,retail,Northeast,84.3,,0
C0797,10,704.11,154.84,0.064,0.438,0.156,3.9,office,South Central,82.3,,0
C0798,21,13643.59,618.76,0.068,0.35,0.117,0.3,retail,Northeast,80.0,,0
C0799,7,13041.83,2239.38,0.076,0.238,0.476,18.6,school,Northeast,87.7,,1
C0800,35,12855.52,492.32,0.058,0.293,0.196,0.3,restaurant,Southwest,75.3,,0
C0801,29,15425.04,435.39,0.065,0.356,0.137,1.3,restaurant,South Central,48.2,,0
C0803,8,6536.95,817.12,0.076,0.25,0.0,0.6,restaurant,Southwest,2.9,,0
C0804,6,732.31,201.55,0.072,0.316,0.105,13.6,clinic,Northeast,79.9,,0
C0805,13,1216.62,103.59,0.042,0.964,0.286,0.7,office,South Central,55.6,1.0,0
C0807,12,21306.59,2927.65,0.074,0.156,0.219,6.6,school,Southwest,36.6,,0
C0808,9,1258.41,86.85,0.044,0.923,0.5,5.6,nonprofit,South Central,87.6,1.0,0
C0809,7,2739.75,308.81,0.061,0.28,0.16,29.3,clinic,Northeast,53.4,,1
C0810,50,25858.44,460.64,0.066,0.331,0.169,1.3,retail,South Central,47.9,,0
C0811,19,937.62,61.86,0.045,0.87,0.152,8.9,retail,Southwest,61.5,0.0,1
C0812,14,1045.78,65.35,0.037,0.973,0.081,5.9,restaurant,Southwest,36.1,1.0,1
C0813,31,11572.4,486.31,0.063,0.388,0.163,5.7,restaurant,South Central,64.7,,1
C0814,34,15840.39,478.91,0.063,0.406,0.109,0.9,retail,North Central,77.5,,0
C0815,18,14635.79,567.91,0.064,0.403,0.226,1.3,restaurant,Northeast,37.8,,0
C0816,21,4121.72,255.26,0.08,0.261,0.152,7.7,office,Southwest,33.9,,0
C0817,14,3064.08,174.57,0.052,0.208,0.125,10.7,clinic,Northeast,57.5,,0
C0818,8,9830.5,2047.83,0.081,0.353,0.412,14.3,school,Southwest,86.6,,0
C0819,22,10185.44,605.11,0.075,0.322,0.237,4.7,restaurant,Northeast,63.5,,0
C0820,13,2034.25,179.48,0.055,0.5,0.206,11.9,clinic,South Central,75.1,,0
C0821,11,5217.95,299.02,0.054,0.379,0.241,15.7,office,South Central,64.4,,1
C0822,12,18353.14,2310.16,0.079,0.308,0.385,4.7,school,South Central,88.8,,0
C0823,3,4628.19,2612.14,0.078,0.091,0.182,3.6,school,South Central,87.3,,1
C0824,27,13532.02,558.59,0.081,0.206,0.191,2.6,retail,South Central,33.1,,0
C0825,20,7272.89,363.64,0.073,0.4,0.2,3.3,restaurant,South Central,9.2,,0
C0826,4,408.0,84.59,0.023,1.0,0.333,13.7,office,Northeast,22.0,0.0,1
C0827,9,3264.46,214.45,0.061,0.481,0.222,13.7,clinic,Southwest,34.0,,0
C0828,26,14451.27,582.08,0.074,0.289,0.263,0.3,restaurant,Southwest,73.4,,0
C0829,30,13123.55,493.33,0.067,0.347,0.187,0.7,restaurant,Northeast,51.6,,0
C0830,17,6170.47,255.43,0.073,0.393,0.214,0.3,retail,South Central,61.8,,0
C0831,5,323.8,66.69,0.047,0.957,0.087,26.9,retail,South Central,78.9,0.0,1
C0832,5,473.95,143.01,0.07,0.353,0.118,22.9,office,South Central,56.0,,1
C0833,22,6471.52,325.22,0.065,0.39,0.098,0.9,clinic,Northeast,78.2,,0
C0835,35,16927.97,459.7,0.063,0.314,0.181,7.6,restaurant,Southeast,37.1,,0
C0836,41,21067.53,629.43,0.078,0.373,0.147,2.4,restaurant,South Central,30.3,,0
C0837,8,1333.52,153.21,0.081,0.364,0.227,7.7,school,Northeast,75.3,,0
C0838,12,745.54,72.74,0.042,1.0,0.071,11.7,retail,Northeast,20.6,1.0,1
C0839,7,8682.08,1240.3,0.037,0.286,0.286,8.3,school,South Central,9.4,,0
C0840,5,655.14,144.3,0.065,0.4,0.133,19.9,office,Northeast,70.2,,1
C0841,9,8964.28,1757.01,0.074,0.333,0.286,4.3,nonprofit,South Central,38.5,,0
C0842,11,1219.21,81.72,0.032,0.957,0.435,16.9,clinic,South Central,67.8,0.0,1
C0843,10,4146.61,229.96,0.061,0.393,0.107,1.3,retail,Southwest,66.2,,0
C0844,6,460.34,93.8,0.037,0.364,0.182,3.9,office,South Central,18.0,,0
C0845,16,969.13,67.38,0.042,1.0,0.029,1.3,retail,South Central,81.8,0.0,1
C0846,38,12862.52,383.81,0.064,0.389,0.12,0.9,restaurant,Northeast,45.0,,0
C0847,7,511.31,272.7,0.053,0.385,0.269,16.7,office,Southwest,47.4,,0
C0848,59,29587.59,606.64,0.071,0.36,0.187,0.9,restaurant,Northeast,85.8,,0
C0850,8,2503.99,313.0,0.098,0.0,0.0,4.6,retail,South Central,3.4,,0
C0851,14,952.1,68.5,0.048,1.0,0.276,11.9,restaurant,Northeast,53.1,1.0,1
C0852,5,452.15,97.07,0.046,0.889,0.222,19.7,office,Northeast,22.8,1.0,1
C0853,14,3266.92,247.98,0.076,0.36,0.12,2.7,retail,Southwest,36.9,,0
C0854,13,1965.01,177.73,0.079,0.269,0.308,10.4,office,Northeast,48.7,,1
C0855,9,2039.15,197.9,0.054,0.4,0.267,2.9,clinic,South Central,88.2,,0
C0856,11,1569.87,210.75,0.076,0.281,0.125,18.4,retail,North Central,84.9,,1
C0857,16,3895.82,244.7,0.074,0.206,0.412,1.6,nonprofit,Northwest,80.1,,0
C0858,15,1204.91,71.38,0.047,1.0,0.205,2.9,restaurant,South Central,41.5,0.0,0
C0859,12,22998.64,2049.71,0.066,0.292,0.333,6.7,school,Northeast,75.2,,0
C0860,16,1001.54,81.75,0.036,1.0,0.258,11.9,clinic,Northeast,69.1,1.0,0
C0861,5,890.75,349.65,0.066,0.167,0.056,6.3,clinic,South Central,26.3,,0
C0862,13,3165.56,159.73,0.059,0.29,0.129,1.6,clinic,Northeast,68.2,,0
C0863,19,3133.51,192.35,0.059,0.167,0.25,4.7,office,South Central,60.1,,0
C0864,15,42535.67,2716.06,0.072,0.179,0.487,14.3,school,Northeast,71.3,,0
C0865,9,2473.58,394.34,0.066,0.233,0.163,19.9,restaurant,Northeast,51.0,,1
C0866,10,3247.82,291.64,0.068,0.263,0.211,0.7,office,Northwest,63.1,,0
C0867,9,1716.87,167.28,0.054,0.368,0.158,8.7,office,Northeast,42.5,,0
C0868,10,1391.66,110.92,0.039,1.0,0.238,4.3,clinic,South Central,33.3,0.0,1
C0869,12,950.71,74.46,0.04,0.943,0.2,2.4,office,Northeast,60.9,0.0,0
C0870,6,904.02,105.21,0.049,0.824,0.235,13.6,retail,South Central,31.8,0.0,1
C0871,13,2603.92,211.77,0.072,0.278,0.083,0.6,office,Northeast,46.0,,0
C0872,21,1345.72,60.38,0.049,0.952,0.143,2.6,restaurant,Northeast,56.8,0.0,0
C0873,21,11993.91,498.87,0.065,0.317,0.217,0.4,restaurant,South Central,33.5,,0
C0874,12,1719.39,95.7,0.049,0.964,0.214,0.9,office,Northwest,40.5,1.0,0
C0875,26,9890.09,362.16,0.065,0.224,0.104,1.9,restaurant,Northeast,62.5,,0
C0876,29,14232.1,437.49,0.062,0.391,0.203,8.6,restaurant,Northeast,57.5,,1
C0877,7,445.58,64.94,0.047,0.96,0.04,16.4,retail,South Central,39.8,1.0,1
C0878,18,4587.84,214.0,0.052,0.387,0.161,10.7,clinic,South Central,86.5,,0
C0879,11,2811.62,241.87,0.065,0.345,0.31,9.7,clinic,Northeast,57.9,,0
C0880,6,1197.39,304.66,0.066,0.4,0.16,8.4,clinic,Northeast,49.8,,0
C0881,14,32710.49,1915.24,0.051,0.333,0.333,3.4,school,Southwest,64.8,,0
C0882,28,14591.53,491.87,0.07,0.333,0.2,0.9,restaurant,Northeast,79.5,,0
C0883,8,564.3,244.04,0.05,0.292,0.292,5.3,retail,South Central,73.1,,0
C0884,21,6944.59,288.66,0.065,0.234,0.213,2.3,restaurant,South Central,86.5,,0
C0885,8,961.69,173.12,0.066,0.333,0.222,21.4,retail,Northeast,59.2,,1
C0886,8,1127.79,126.49,0.041,0.857,0.179,2.9,restaurant,Northeast,89.2,0.0,0
C0887,6,883.09,233.31,0.048,0.421,0.053,6.4,office,South Central,58.7,,0
C0888,6,547.87,82.58,0.05,1.0,0.067,21.4,office,Northeast,42.3,0.0,1
C0889,12,94101.83,4918.9,0.073,0.162,0.378,0.6,school,Northeast,79.8,,0
C0890,9,1577.01,198.96,0.064,0.158,0.263,10.9,nonprofit,Northeast,50.0,,0
C0891,5,270.97,77.37,0.036,1.0,0.143,1.6,office,Northeast,82.8,1.0,0
C0892,53,23188.95,400.19,0.06,0.324,0.235,0.3,restaurant,South Central,79.1,,0
C0893,4,204.66,51.16,0.074,1.0,0.25,0.3,office,Northeast,10.1,1.0,0
C0894,11,876.82,105.01,0.042,0.963,0.185,9.9,nonprofit,Northeast,50.5,0.0,0
C0895,14,3257.29,320.55,0.069,0.222,0.222,0.3,restaurant,South Central,30.5,,0
C0896,9,4020.84,236.05,0.069,0.462,0.269,5.4,office,South Central,65.2,,0
C0897,11,3160.1,220.78,0.069,0.267,0.2,8.7,restaurant,Southwest,31.5,,0
C0898,58,30934.95,508.64,0.058,0.393,0.154,0.3,restaurant,Southwest,85.5,,0
C0899,12,805.38,85.0,0.042,0.923,0.154,9.6,restaurant,South Central,82.3,0.0,1
C0900,12,1291.02,241.77,0.066,0.4,0.114,3.7,retail,South Central,65.6,,0
